{
    "versions": [
        {
            "package_version": "1.2.0",
            "download_url": "https://github.com/skipperki1/manual_powerwashsimulator_hallojasper_PopTracker/releases/download/Update120/Manual.Powerwash.Simulator.Poptracker.zip",
            "sha256": "4e95570730667cb334ed1129028d86faf6e31f0667a92af2619e5f5c540f8b35",
            "changelog": [
                "Changed version to 1.2.0",
                "Added the Helter Skelter job to the locations",
                "Added a Settings popup to manually change settings"
            ]
        },
        {
            "package_version": "1.1.1",
            "download_url": "https://github.com/skipperki1/manual_powerwashsimulator_hallojasper_PopTracker/releases/download/Autoupdate/Manual.Powerwash.Simulator.Poptracker.zip",
            "sha256": "62dba6b8651b7c75afc31d586151675eac7e2d9f171b8a07452acb9a82ace7be",
            "changelog": [
                "Changed version to 1.1.1",
                "Updated various things for autoupdates"
            ]
        },
        {
            "package_version": "1.1.0",
            "download_url": "https://github.com/skipperki1/manual_powerwashsimulator_hallojasper_PopTracker/releases/download/Update/manual_PowerwashSimulator_hallojasper_TrackerAndClient.zip",
            "sha256": "7999ebb3a4d2a4d944162710fce9e1c7ad003f907d24039142924dad9fcc69ac",
            "changelog": [
                "Changed version to 1.1.0",
                "Added support for the Fire Station level",
                "Updated logic for multiple items"
            ]
        },
        {
            "package_version": "1.0.1",
            "download_url": "https://github.com/skipperki1/manual_powerwashsimulator_hallojasper_PopTracker/releases/download/BugFix/manual_PowerwashSimulator_hallojasper_TrackerAndClient.zip",
            "sha256": "1cb3d495374c338b52d843d5fbb47d2b4bde3a354a05fdccf00c37785a687fc2",
            "changelog": [
                "Changed version to 1.0.1",
                "Fixed a logic mismatch on the Ancient Monument Distal Finger Phalanges"
            ]
        },
        {
            "package_version": "1.0.0",
            "download_url": "https://github.com/skipperki1/manual_powerwashsimulator_hallojasper_PopTracker/releases/download/MapRelease/manual_powerwashsimulator_hallojasper_PopTrackerAndClient.zip",
            "sha256": "470dbad9371b6e43f5ee1b9b559805cdf22d6ec95df2d5349c33ed03288f9a9a",
            "changelog": [
                "Initial release"
            ]
        }
    ]
}
